term,U_statistic,p_value,significant
reputation,2821.5,0.9736090669372743,False
confess,3868.0,0.004356728478536665,True
sabbat,4088.0,0.0005320050245833589,True
torture,3283.5,0.2176678979509581,False
quarrel,2661.5,0.7041302003198724,False
threat,2970.0,0.5708114750513051,False
