{
  "degree": {
    "Catherine": 138,
    "Jennon": 129,
    "Margueritte": 92,
    "Claudatte": 81,
    "B 5769; witch 106, Babillon femme Claudon Girard de Bathelemont-les-Bauzemont": 68,
    "Marguitte": 64,
    "Jehennon": 61,
    "Marie": 58,
    "B 2192 no 2, witch 003, Claudon femme Jean Bregeat, de Sallonne": 57,
    "B 3804 no 3; Witch 068, Mengeon Lausson de Fontenay et sa femme Mengeotte": 55,
    "B 8684 no 6. Witch 193, Catherine femme Jean Bertremin de Clefcy": 54,
    "B 8724 no 2. Witch 302, Jennon femme Demenge le Maire de Raon": 54,
    "Catherine femme du precedent": 52,
    "Jennon femme du precedent": 50,
    "Marguitte femme du precedent": 50,
    "Barbe": 48,
    "Mengeatte": 44,
    "B 8691 no 1; witch 212, Fran\u00e7ois Marion de Raon": 43,
    "Jehenne": 43,
    "Mengeotte": 43
  },
  "betweenness_centrality": {
    "Jennon": 0.2410502706366825,
    "Catherine": 0.18116537728397444,
    "Claudatte": 0.10548686491109237,
    "Jean": 0.1038146847542403,
    "Marie": 0.09669936843181,
    "Marguitte": 0.0831331338836248,
    "Margueritte": 0.07913065386164203,
    "Demenge": 0.07660161535897973,
    "Nicolas": 0.06244431943738529,
    "B 8693 no 2; witch 231, Jean Aulbry du Vivier d'Etival": 0.05783991311889805,
    "Jehennon": 0.05277979985504385,
    "Catherine femme du precedent": 0.05156937159796677,
    "Jean Demenge": 0.044674731995702356,
    "Jennon femme du precedent": 0.04422600795317592,
    "Jehenne": 0.04386584164404013,
    "Collatte": 0.039160389349658556,
    "Claudon": 0.038016319271431544,
    "Fran": 0.03497679962525844,
    "Jean Girardin Haxo de la Fosse": 0.03390182698657275,
    "Mengeotte": 0.033774302577052266
  },
  "closeness_centrality": {
    "Jennon": 0.2549228611500701,
    "Jean": 0.25023404372487473,
    "Demenge": 0.24865929736237277,
    "Catherine": 0.2483738726427986,
    "Nicolas": 0.24311165801722753,
    "Claudatte": 0.24115055988961417,
    "Claudon": 0.23890641430073606,
    "Marguitte": 0.23820507443908576,
    "Fran": 0.23199060601419308,
    "Colas Jean": 0.2300526528959093,
    "Jean Demenge": 0.229703771105045,
    "Colas": 0.2289745527840766,
    "Jehenne": 0.2273932842916479,
    "Jean Grand": 0.22606965174129354,
    "Jean Colin": 0.2253968253968254,
    "Jean Masson": 0.22216789713000537,
    "Marie": 0.22125919072892827,
    "Margueritte": 0.22011238132144934,
    "Claudon Jean": 0.21943210353486575,
    "Jehennon": 0.21899850595209408
  },
  "eigenvector_centrality": {
    "Jennon femme du precedent": 0.2703419075843506,
    "Marguitte femme du precedent": 0.25963112631410373,
    "Mengeon Claude Mariatte": 0.2514873527054226,
    "Marguitte veuve Claudon Claude Jean Mariatte": 0.19807727744302814,
    "Colas Moullot": 0.1909327053203737,
    "Didier Thiebault": 0.18290252646779598,
    "Jennon": 0.1456264668325691,
    "Mengeotte femme Demenge Didier le Moullot": 0.1224963695018791,
    "B 8687 no 2; witch 200, Marguitte femme Jean Jacquot, de la Vacherie": 0.11610004331205849,
    "Claudatte femme Mengeon Grand Michiel": 0.11554320526193582,
    "Claudon Hermemant": 0.11554320526193582,
    "Colas Jean Mengenot le vieux": 0.11554320526193582,
    "Demenge Didier le Moullat": 0.11554320526193582,
    "Jean Claude Jean Mengenot": 0.11554320526193582,
    "B 8687 no 9; witch 207, Jean Grand Didier, de la Vacherie": 0.11553886547925421,
    "Colas Jean Ferry": 0.1126090794867466,
    "Colas Jean Mengenot": 0.1126090794867466,
    "Colas Jean Mengenot le jeune": 0.1126090794867466,
    "Gratian Doridant": 0.1126090794867466,
    "Jennon femme Laurent Jean Mengenot": 0.1126090794867466
  },
  "pagerank": {
    "Catherine": 0.005516235760460156,
    "Jennon": 0.004828483177233744,
    "B 5769; witch 106, Babillon femme Claudon Girard de Bathelemont-les-Bauzemont": 0.004139002977533427,
    "Margueritte": 0.003488716476283624,
    "B 3804 no 3; Witch 068, Mengeon Lausson de Fontenay et sa femme Mengeotte": 0.0033605647064281464,
    "Claudatte": 0.0032733019106881236,
    "B 8684 no 6. Witch 193, Catherine femme Jean Bertremin de Clefcy": 0.00310194412707369,
    "B 2192 no 2, witch 003, Claudon femme Jean Bregeat, de Sallonne": 0.003011732937824384,
    "B 8724 no 2. Witch 302, Jennon femme Demenge le Maire de Raon": 0.0026093412390042234,
    "Vosges 3 C 239; Witch 340, Pierrotte Roy femme Nicolas Martin, de Badonviller.": 0.0022262033600453056,
    "Marguitte": 0.0021859208561911332,
    "Marie": 0.0020544646782289923,
    "Mengeatte": 0.001988009057721489,
    "B 3789 No 3; Witch 060, Petroniere femme Jean Varnier dit Bessat, de Bruy\u00e8res": 0.0019841287540070017,
    "B 8693 no 4; witch 233, Claude Colin Michiel dit Bejolley, de Wisembach": 0.0019644874441107664,
    "B 8959 no 1; witch 321, Barbon femme Nicolas Moictrier, de Saint Nicolas": 0.001929345739521214,
    "B 4500 no 1 Witch 083, Jean et Claudin Aulbry": 0.0018635680312256598,
    "B 5312 no 4; witch 094, Senelle femme du jeune Enguers, de Guinzeling": 0.0018527076826060137,
    "B 4094 no 1 Witch 073, Catherine la Rondelatte": 0.0018036881642175624,
    "B 8667 No 3 Witch 141, Mathieu Blaise": 0.0018036881642175624
  }
}